country,n_samples,best_coverage,best_speed,best_stringency,best_speed_applied,mean_reduction,baseline_pred,best_pred
Hungary,5,3.0,1.5,0.75,1.5,0.23100779259204834,97.3198257446289,74.8632080078125
Zambia,4,1.5,5.0,2.0,5.0,0.1757004639516779,17.910188674926758,14.78743290901184
Chile,5,3.0,2.0,0.5,2.0,0.17462667635848916,33.75567207336426,27.880450439453124
Congo,3,3.0,3.0,0.5,3.0,0.14416461060153915,7.500357945760091,6.427006244659424
Togo,2,2.0,5.0,0.5,5.0,0.14365101007504844,8.152760744094849,6.978569507598877
Belize,5,1.5,3.0,0.5,3.0,0.14327551357356877,20.018751525878905,17.208998680114746
Guinea,2,2.0,3.0,2.0,3.0,0.13582961083757505,8.485962867736816,7.3403942584991455
Burkina Faso,2,3.0,5.0,0.75,5.0,0.1305641877792879,8.675973892211914,7.5432610511779785
Croatia,5,3.0,1.0,2.0,1.0,0.11427028798259597,30.281356811523438,26.806945037841796
Bolivia,2,1.5,2.0,1.25,2.0,0.11111766441304227,15.672205924987793,13.940233707427979
Saudi Arabia,5,2.0,3.0,1.25,3.0,0.1080459026275314,24.178841400146485,21.557595634460448
Cambodia,5,2.0,1.5,0.5,1.5,0.10694504990834189,22.411863708496092,20.007492065429688
South Africa,5,1.5,5.0,2.0,5.0,0.10437481291852971,28.89073028564453,25.876939010620116
Eswatini,3,1.0,2.0,2.0,2.0,0.10351483797924961,8.47882882754008,7.755986452102661
Dominican Republic,5,3.0,1.5,0.5,1.5,0.10150695086861058,25.044162368774415,22.508600997924805
India,5,3.0,3.0,0.5,3.0,0.10111764741514655,50.48276062011719,45.37079620361328
Vietnam,5,3.0,1.0,0.5,1.0,0.09911765405599866,32.67286262512207,29.486745834350586
China,5,3.0,2.0,0.5,2.0,0.09795779068715543,32.18690185546875,29.03290557861328
Pakistan,5,2.0,3.0,0.5,3.0,0.09562288853460812,35.30176277160645,32.09360580444336
Djibouti,5,2.0,5.0,0.5,5.0,0.09523389323804508,10.536425018310547,9.5331880569458
Costa Rica,5,3.0,1.0,0.5,1.0,0.09368472240232613,24.11297264099121,21.900617599487305
Egypt,5,2.0,5.0,1.0,5.0,0.09182996971419174,27.090756988525392,24.595838165283205
El Salvador,3,3.0,1.0,0.5,1.0,0.09084104310381187,14.844703992207846,13.49096647898356
Jamaica,5,2.0,3.0,0.5,3.0,0.08648326340970616,19.7391357421875,18.053535842895506
Slovenia,5,2.0,3.0,1.0,3.0,0.08627838094087595,27.5237979888916,25.152647399902342
Estonia,1,3.0,0.5,1.25,0.5,0.08525739541520877,0.40366077423095703,0.369245707988739
Mongolia,5,3.0,1.0,0.75,1.0,0.08361559691561618,18.625272750854492,17.06915283203125
Laos,5,0.5,0.5,2.0,0.5,0.082871487660444,10.061193752288819,9.248584079742432
Slovakia,5,3.0,3.0,0.5,3.0,0.0815031976362068,23.362952423095702,21.436700057983398
Nepal,4,2.0,2.0,0.5,2.0,0.07754203213447797,18.710195064544678,17.28323984146118
Kazakhstan,5,3.0,2.0,1.0,2.0,0.07649220010515005,15.603084182739257,14.390753936767577
Botswana,3,0.75,3.0,0.5,3.0,0.07483047500462899,3.4407918453216553,3.2066996097564697
Ukraine,1,3.0,3.0,1.0,3.0,0.07427104616008805,20.355825424194336,18.843976974487305
Panama,5,3.0,1.0,0.5,1.0,0.0737034678275505,25.736583709716797,23.838676071166994
Lebanon,5,2.0,3.0,0.5,3.0,0.06971327493595776,31.244114780426024,29.05746726989746
Ghana,3,3.0,3.0,0.5,3.0,0.0684284094238435,8.197485764821371,7.622055371602376
Cote d'Ivoire,3,2.0,5.0,0.5,5.0,0.06762082445897327,7.107161204020183,6.62505308787028
Kenya,5,3.0,5.0,0.5,5.0,0.0673467017190903,27.699510955810545,25.774610137939455
Peru,5,3.0,2.0,0.5,2.0,0.06671201801463696,41.98797187805176,39.30989761352539
Bulgaria,5,2.0,5.0,1.0,5.0,0.06626015020646912,15.36490249633789,14.293887901306153
Guatemala,5,1.5,5.0,0.5,5.0,0.06563374576296024,22.336178588867188,20.873389053344727
Bahrain,3,3.0,1.0,0.5,1.0,0.06548688116229627,25.37728436787923,23.71660804748535
Mauritius,5,3.0,1.5,0.5,1.5,0.06477445396569746,27.33974380493164,25.596931838989256
Morocco,5,3.0,0.5,2.0,0.5,0.06407868028992765,19.712017440795897,18.445174407958984
Philippines,5,3.0,2.0,0.5,2.0,0.06375671881352626,34.50606460571289,32.322106170654294
Mozambique,1,3.0,1.5,2.0,1.5,0.06373202369692052,12.568887710571289,11.767847061157227
Spain,5,3.0,2.0,0.5,2.0,0.05922990269211033,36.72906265258789,34.58782691955567
Sri Lanka,3,0.5,0.5,0.5,0.5,0.05915393430494559,15.894073804219564,14.97570832570394
Russia,5,3.0,5.0,0.5,5.0,0.05899558633866629,31.34552764892578,29.504213333129883
Latvia,5,3.0,1.0,0.5,1.0,0.058548448223880376,23.33717918395996,21.991797256469727
Italy,5,3.0,2.0,0.5,2.0,0.058334515848916704,56.792122268676756,53.426368713378906
Czechia,5,3.0,2.0,1.0,2.0,0.058111284593740396,23.542527389526366,22.177137756347655
Mexico,5,3.0,3.0,1.5,3.0,0.05802496241388731,28.03177604675293,26.396036911010743
Colombia,5,2.0,3.0,0.5,3.0,0.05773614978939445,21.104285430908202,19.899297332763673
Indonesia,5,3.0,3.0,0.5,3.0,0.05437876737066273,35.27614288330078,33.385693359375
Lithuania,3,2.0,3.0,0.5,3.0,0.05202391905669477,25.73603121439616,24.427228291829426
Portugal,5,3.0,2.0,0.5,2.0,0.050490589493738657,24.30376091003418,23.083673858642577
Belgium,5,3.0,2.0,0.5,2.0,0.04921932061384701,27.31729049682617,25.972780990600587
Trinidad and Tobago,5,3.0,2.0,0.5,2.0,0.0484914078766334,17.788344955444337,16.92058448791504
Romania,5,3.0,5.0,0.5,5.0,0.04812788073297142,19.46080322265625,18.53236618041992
Bangladesh,4,3.0,1.5,0.5,1.5,0.047536182080893996,21.28201913833618,20.266948699951172
Argentina,5,3.0,2.0,0.5,2.0,0.04708120654376966,26.674531173706054,25.426843643188477
Gambia,2,3.0,5.0,1.0,5.0,0.04614624896937822,13.734983921051025,13.104708194732666
Malaysia,5,1.5,1.5,2.0,1.5,0.046106588780473634,40.8388053894043,38.913170623779294
Iceland,5,2.0,1.0,1.25,1.0,0.04425989343996407,21.130521774291992,20.199251174926758
Sweden,5,2.0,1.0,0.5,1.0,0.043708273210590995,26.840238952636717,25.659592056274413
Nigeria,3,3.0,5.0,0.5,5.0,0.04320600713626915,9.776203155517578,9.354197184244791
Uganda,5,3.0,3.0,0.5,3.0,0.04281553052261064,18.518058395385744,17.712005805969238
Finland,5,2.0,1.0,0.5,1.0,0.042711080421848804,21.976087188720705,21.04809913635254
Mali,1,2.0,5.0,0.5,5.0,0.04241775963993357,14.361380577087402,13.752202987670898
Myanmar,2,1.5,3.0,0.5,3.0,0.04236799778728974,15.153383255004883,14.501818180084229
Austria,5,3.0,2.0,0.5,2.0,0.04229344281847106,29.38617820739746,28.129729080200196
Turkey,5,3.0,3.0,1.0,3.0,0.04212312802561108,26.921887969970705,25.786286926269533
Denmark,5,3.0,1.5,1.0,1.5,0.04033508081600239,28.966845321655274,27.769756317138672
Ireland,5,2.0,1.0,2.0,1.0,0.040327047520998874,25.479703903198242,24.45748519897461
Tunisia,4,0.75,1.0,2.0,1.0,0.037940303626634225,9.088798999786377,8.744332551956177
United States,5,3.0,2.0,2.0,2.0,0.03752703477524518,39.113372802734375,37.6434814453125
United Kingdom,5,3.0,2.0,2.0,2.0,0.035150360511386695,31.819368362426758,30.689308166503906
Haiti,2,0.75,0.5,2.0,0.5,0.03364528001658974,15.24301528930664,14.730134963989258
Georgia,5,3.0,1.5,0.5,1.5,0.0336077290273262,73.15525951385499,71.5992488861084
Angola,3,2.0,1.0,1.5,1.0,0.033113791213503226,7.521346886952718,7.264955361684163
Netherlands,5,3.0,2.0,0.5,2.0,0.03090160287507493,27.918450927734376,27.056636810302734
Norway,5,2.0,1.0,0.75,1.0,0.030466595090381715,23.233631134033203,22.516030502319335
Israel,5,3.0,1.5,0.5,1.5,0.02901891268647928,28.667934799194335,27.848372650146484
Poland,5,3.0,3.0,1.0,3.0,0.02869183158920121,22.163882064819337,21.50893630981445
Democratic Republic of Congo,3,3.0,5.0,2.0,5.0,0.028568481640856135,13.290497461954752,12.923572222391764
France,5,3.0,2.0,0.5,2.0,0.0285405198070229,28.345184326171875,27.53455047607422
South Korea,5,3.0,1.0,1.0,1.0,0.02722933225658153,30.604029846191406,29.75957679748535
Brazil,5,3.0,2.0,2.0,2.0,0.026175794785316724,31.546292114257813,30.722406768798827
Thailand,5,3.0,2.0,0.5,2.0,0.02408631134896446,30.16165657043457,29.426060104370116
Niger,1,0.5,3.0,2.0,3.0,0.023710688174460218,14.101461410522461,13.767106056213379
Senegal,3,3.0,5.0,1.0,5.0,0.023563389434152343,7.500146230061849,7.303186734517415
Iran,5,1.0,0.5,2.0,0.5,0.02337240291308587,26.06528968811035,25.460643005371093
Japan,5,0.75,2.0,0.5,2.0,0.02262283120716705,46.407431030273436,45.37727699279785
Ecuador,5,3.0,1.0,0.5,1.0,0.0225403907019187,20.98249626159668,20.51023750305176
Bosnia and Herzegovina,5,1.0,2.0,2.0,2.0,0.01964188938436439,16.615147209167482,16.307188987731934
Iraq,3,0.5,0.5,1.5,0.5,0.01887237822499783,19.27589734395345,18.931442896525066
Nicaragua,5,0.5,0.5,0.5,0.5,0.015647400660118965,9.47387924194336,9.331404542922973
Luxembourg,5,2.0,1.0,0.5,1.0,0.014337148540031857,21.7745662689209,21.46108627319336
New Zealand,5,1.5,1.0,0.5,1.0,0.012213321325321921,26.14229965209961,25.818488311767577
Australia,5,3.0,2.0,2.0,2.0,0.01113189132741939,39.572927474975586,39.148000717163086
Paraguay,4,2.0,1.5,0.5,1.5,0.010826521179744291,11.394008874893188,11.27149772644043
Greece,5,3.0,2.0,1.0,2.0,0.009978700829793491,21.31046257019043,21.094968795776367
Canada,5,0.75,1.0,2.0,1.0,0.008070041437619014,29.35138511657715,29.11184730529785
Kuwait,5,1.5,1.0,0.75,1.0,0.007891092138556554,22.23529052734375,22.059783935546875
Cameroon,4,1.5,0.5,0.5,0.5,0.006926144291686418,12.107374906539917,12.011610984802246
Bhutan,5,1.0,1.0,0.5,1.0,0.0064403111964637565,9.650490760803223,9.577547931671143
Malawi,4,0.5,1.0,0.5,1.0,0.0049535184496976616,5.836623549461365,5.804401755332947
Qatar,3,0.75,1.0,2.0,1.0,0.0040535443155612265,23.478182474772137,23.381901423136394
Germany,5,0.75,2.0,1.0,2.0,0.003013193698969925,29.13430519104004,29.048246765136717
Uruguay,5,1.0,1.0,2.0,1.0,0.001596112762353762,9.619506645202637,9.604706954956054
